# Temperature graph approved for MOEK heat networks, 2020/2021.
# Source PDF: Температурный график ТЭЦ_РТС_КТС_МК утв П_П_Бирюковым.pdf
#
# profile values:
# - rts_kts_150_70: РТС/КТС/МК/АИТ table, thermal network pipelines, 150-70.
# - rts_kts_150_70_elevated: same table, elevated 150-70 columns.
# - rts_kts_130_70: same table, thermal network pipelines, 130-70.
# - main_ges1: page 1, ГЭС-1.
# - main_tec_8_9_11_12_rts: page 1, ТЭЦ-8/9/11/12, РТС Кр. Пр., ТЭС Межд.
# - main_tec_22_16_23_20_21_25_26_27: page 1, listed ТЭЦ group.
profile,outdoor_temp,t1_target,t2_max
rts_kts_150_70,8,75,48
rts_kts_150_70,7,75,48
rts_kts_150_70,6,75,48
rts_kts_150_70,5,75,48
rts_kts_150_70,4,75,48
rts_kts_150_70,3,76,48
rts_kts_150_70,2,79,48
rts_kts_150_70,1,82,48
rts_kts_150_70,0,85,48
rts_kts_150_70,-1,87,49
rts_kts_150_70,-2,90,50
rts_kts_150_70,-3,93,51
rts_kts_150_70,-4,95,52
rts_kts_150_70,-5,98,53
rts_kts_150_70,-6,101,54
rts_kts_150_70,-7,103,55
rts_kts_150_70,-8,106,56
rts_kts_150_70,-9,109,57
rts_kts_150_70,-10,111,58
rts_kts_150_70,-11,114,59
rts_kts_150_70,-12,117,60
rts_kts_150_70,-13,119,61
rts_kts_150_70,-14,122,62
rts_kts_150_70,-15,124,63
rts_kts_150_70,-16,127,64
rts_kts_150_70,-17,130,65
rts_kts_150_70,-18,130,64
rts_kts_150_70,-19,130,63
rts_kts_150_70,-20,130,62
rts_kts_150_70,-21,130,61
rts_kts_150_70,-22,130,60
rts_kts_150_70,-23,130,59
rts_kts_150_70,-24,130,58
rts_kts_150_70,-25,130,57
rts_kts_150_70_elevated,8,77,48
rts_kts_150_70_elevated,7,77,48
rts_kts_150_70_elevated,6,77,48
rts_kts_150_70_elevated,5,77,48
rts_kts_150_70_elevated,4,77,48
rts_kts_150_70_elevated,3,79,48
rts_kts_150_70_elevated,2,81,48
rts_kts_150_70_elevated,1,84,48
rts_kts_150_70_elevated,0,87,49
rts_kts_150_70_elevated,-1,89,50
rts_kts_150_70_elevated,-2,92,51
rts_kts_150_70_elevated,-3,94,52
rts_kts_150_70_elevated,-4,97,53
rts_kts_150_70_elevated,-5,100,54
rts_kts_150_70_elevated,-6,102,55
rts_kts_150_70_elevated,-7,105,56
rts_kts_150_70_elevated,-8,107,57
rts_kts_150_70_elevated,-9,110,58
rts_kts_150_70_elevated,-10,112,59
rts_kts_150_70_elevated,-11,115,60
rts_kts_150_70_elevated,-12,118,61
rts_kts_150_70_elevated,-13,120,62
rts_kts_150_70_elevated,-14,123,63
rts_kts_150_70_elevated,-15,125,64
rts_kts_150_70_elevated,-16,128,65
rts_kts_150_70_elevated,-17,130,66
rts_kts_150_70_elevated,-18,130,65
rts_kts_150_70_elevated,-19,130,64
rts_kts_150_70_elevated,-20,130,63
rts_kts_150_70_elevated,-21,130,62
rts_kts_150_70_elevated,-22,130,61
rts_kts_150_70_elevated,-23,130,60
rts_kts_150_70_elevated,-24,130,59
rts_kts_150_70_elevated,-25,130,58
rts_kts_130_70,8,70,45
rts_kts_130_70,7,70,45
rts_kts_130_70,6,70,45
rts_kts_130_70,5,70,45
rts_kts_130_70,4,70,45
rts_kts_130_70,3,70,45
rts_kts_130_70,2,71,46
rts_kts_130_70,1,73,47
rts_kts_130_70,0,76,48
rts_kts_130_70,-1,78,49
rts_kts_130_70,-2,80,50
rts_kts_130_70,-3,82,51
rts_kts_130_70,-4,85,52
rts_kts_130_70,-5,87,53
rts_kts_130_70,-6,89,54
rts_kts_130_70,-7,91,55
rts_kts_130_70,-8,93,56
rts_kts_130_70,-9,96,57
rts_kts_130_70,-10,98,57
rts_kts_130_70,-11,100,58
rts_kts_130_70,-12,102,59
rts_kts_130_70,-13,104,60
rts_kts_130_70,-14,107,61
rts_kts_130_70,-15,109,62
rts_kts_130_70,-16,111,63
rts_kts_130_70,-17,113,63
rts_kts_130_70,-18,115,64
rts_kts_130_70,-19,117,65
rts_kts_130_70,-20,119,66
rts_kts_130_70,-21,122,67
rts_kts_130_70,-22,124,68
rts_kts_130_70,-23,126,68
rts_kts_130_70,-24,128,69
rts_kts_130_70,-25,130,70
main_ges1,8,75,45
main_ges1,7,75,45
main_ges1,6,75,45
main_ges1,5,75,45
main_ges1,4,75,45
main_ges1,3,76,45
main_ges1,2,79,45
main_ges1,1,82,46
main_ges1,0,85,47
main_ges1,-1,87,48
main_ges1,-2,90,49
main_ges1,-3,93,50
main_ges1,-4,95,51
main_ges1,-5,98,52
main_ges1,-6,101,53
main_ges1,-7,103,54
main_ges1,-8,106,55
main_ges1,-9,109,56
main_ges1,-10,111,57
main_ges1,-11,114,58
main_ges1,-12,117,59
main_ges1,-13,119,60
main_ges1,-14,122,61
main_ges1,-15,124,62
main_ges1,-16,127,63
main_ges1,-17,130,64
main_ges1,-18,130,63
main_ges1,-19,130,62
main_ges1,-20,130,61
main_ges1,-21,130,60
main_ges1,-22,130,59
main_ges1,-23,130,58
main_ges1,-24,130,57
main_ges1,-25,130,56
main_tec_8_9_11_12_rts,8,75,44
main_tec_8_9_11_12_rts,7,75,44
main_tec_8_9_11_12_rts,6,75,44
main_tec_8_9_11_12_rts,5,75,44
main_tec_8_9_11_12_rts,4,75,44
main_tec_8_9_11_12_rts,3,76,44
main_tec_8_9_11_12_rts,2,79,44
main_tec_8_9_11_12_rts,1,82,45
main_tec_8_9_11_12_rts,0,85,46
main_tec_8_9_11_12_rts,-1,87,47
main_tec_8_9_11_12_rts,-2,90,48
main_tec_8_9_11_12_rts,-3,93,49
main_tec_8_9_11_12_rts,-4,95,50
main_tec_8_9_11_12_rts,-5,98,51
main_tec_8_9_11_12_rts,-6,101,52
main_tec_8_9_11_12_rts,-7,103,53
main_tec_8_9_11_12_rts,-8,106,54
main_tec_8_9_11_12_rts,-9,109,55
main_tec_8_9_11_12_rts,-10,111,56
main_tec_8_9_11_12_rts,-11,114,57
main_tec_8_9_11_12_rts,-12,117,58
main_tec_8_9_11_12_rts,-13,119,59
main_tec_8_9_11_12_rts,-14,122,60
main_tec_8_9_11_12_rts,-15,124,61
main_tec_8_9_11_12_rts,-16,127,62
main_tec_8_9_11_12_rts,-17,130,63
main_tec_8_9_11_12_rts,-18,130,62
main_tec_8_9_11_12_rts,-19,130,61
main_tec_8_9_11_12_rts,-20,130,60
main_tec_8_9_11_12_rts,-21,130,59
main_tec_8_9_11_12_rts,-22,130,58
main_tec_8_9_11_12_rts,-23,130,57
main_tec_8_9_11_12_rts,-24,130,56
main_tec_8_9_11_12_rts,-25,130,55
main_tec_22_16_23_20_21_25_26_27,8,77,43
main_tec_22_16_23_20_21_25_26_27,7,77,43
main_tec_22_16_23_20_21_25_26_27,6,77,43
main_tec_22_16_23_20_21_25_26_27,5,77,43
main_tec_22_16_23_20_21_25_26_27,4,77,43
main_tec_22_16_23_20_21_25_26_27,3,79,43
main_tec_22_16_23_20_21_25_26_27,2,81,44
main_tec_22_16_23_20_21_25_26_27,1,84,45
main_tec_22_16_23_20_21_25_26_27,0,87,46
main_tec_22_16_23_20_21_25_26_27,-1,89,47
main_tec_22_16_23_20_21_25_26_27,-2,92,48
main_tec_22_16_23_20_21_25_26_27,-3,94,49
main_tec_22_16_23_20_21_25_26_27,-4,97,50
main_tec_22_16_23_20_21_25_26_27,-5,100,51
main_tec_22_16_23_20_21_25_26_27,-6,102,52
main_tec_22_16_23_20_21_25_26_27,-7,105,53
main_tec_22_16_23_20_21_25_26_27,-8,107,54
main_tec_22_16_23_20_21_25_26_27,-9,110,55
main_tec_22_16_23_20_21_25_26_27,-10,112,56
main_tec_22_16_23_20_21_25_26_27,-11,115,57
main_tec_22_16_23_20_21_25_26_27,-12,118,58
main_tec_22_16_23_20_21_25_26_27,-13,120,59
main_tec_22_16_23_20_21_25_26_27,-14,123,60
main_tec_22_16_23_20_21_25_26_27,-15,125,61
main_tec_22_16_23_20_21_25_26_27,-16,128,62
main_tec_22_16_23_20_21_25_26_27,-17,130,63
main_tec_22_16_23_20_21_25_26_27,-18,130,63
main_tec_22_16_23_20_21_25_26_27,-19,130,62
main_tec_22_16_23_20_21_25_26_27,-20,130,61
main_tec_22_16_23_20_21_25_26_27,-21,130,60
main_tec_22_16_23_20_21_25_26_27,-22,130,59
main_tec_22_16_23_20_21_25_26_27,-23,130,58
main_tec_22_16_23_20_21_25_26_27,-24,130,57
main_tec_22_16_23_20_21_25_26_27,-25,130,55
